{"cameraMode":{"drawMode":0,"name":"Shaded","section":"Shading Mode"},"sceneLighting":true,"audioPlay":false,"sceneViewState":{"showFog":false,"showMaterialUpdate":false,"showSkybox":false,"showFlares":false,"showImageEffects":false,"showParticleSystems":false},"in2DMode":false,"pivot":{"x":-0.5197429060935974,"y":-4.662667274475098,"z":-6.483226776123047},"rotation":{"x":0.0038640417624264957,"y":0.9674718379974365,"z":-0.2525155246257782,"w":0.014804367907345295},"size":35.36201477050781,"orthographic":false}