{"cameraMode":{"drawMode":0,"name":"Shaded","section":"Shading Mode"},"sceneLighting":false,"audioPlay":false,"sceneViewState":{"showFog":false,"showMaterialUpdate":false,"showSkybox":false,"showFlares":false,"showImageEffects":false,"showParticleSystems":false},"in2DMode":false,"pivot":{"x":-0.5141448378562927,"y":-1.0232754945755005,"z":3.7120532989501955},"rotation":{"x":-0.18370920419692994,"y":-0.023002199828624727,"z":0.004300104454159737,"w":-0.9827025532722473},"size":7.290578842163086,"orthographic":false}