{"cameraMode":{"drawMode":0,"name":"Shaded","section":"Shading Mode"},"sceneLighting":true,"audioPlay":false,"sceneViewState":{"showFog":false,"showMaterialUpdate":false,"showSkybox":false,"showFlares":false,"showImageEffects":false,"showParticleSystems":false},"in2DMode":false,"pivot":{"x":-2.6786699295043947,"y":-3.492140769958496,"z":-4.148656845092773},"rotation":{"x":0.0038640417624264957,"y":0.9674718379974365,"z":-0.2525155246257782,"w":0.014804367907345295},"size":33.903602600097659,"orthographic":false}