{"cameraMode":{"drawMode":0,"name":"Shaded","section":"Shading Mode"},"sceneLighting":true,"audioPlay":false,"sceneViewState":{"showFog":false,"showMaterialUpdate":false,"showSkybox":false,"showFlares":false,"showImageEffects":false,"showParticleSystems":false},"in2DMode":false,"pivot":{"x":-0.7653977870941162,"y":0.6155862808227539,"z":-7.520444869995117},"rotation":{"x":0.0038640417624264957,"y":0.9674718379974365,"z":-0.2525155246257782,"w":0.014804367907345295},"size":28.743375778198243,"orthographic":false}